Id,Cluster Name,,,,,,,,,,,,,,,,,,
i-000fc35722d105d1a,oms-dev-pre,,,,,,,,,,,,,,,,,,
i-003c7e6860e51551b,fun-dev-cap-wms-aus,,,,,,,,,,,,,,,,,,
i-0046f8caa269056b8,null,,,,,,,,,,,,,,,,,,
i-00517716c0abec8b6,corev2-mp-core-sit,,,,,,,,,,,,,,,,,,
i-0063e311b0fe7536f,fun-dev-cap-wms-pms,,,,,,,,,,,,,,,,,,
i-009c3b43431cdb6a5,null,,,,,,,,,,,,,,,,,,
i-00a30eb0ff0a79708,fun-dev-cap-wms-nginx,,,,,,,,,,,,,,,,,,
i-00ab508c5c0e9e704,cimb-demo-AccountingServiceCluster,,,,,,,,,,,,,,,,,,
i-00cf553df446a5d16,fun-dev-cap-wms-mds-cli,,,,,,,,,,,,,,,,,,
i-010080385088f20ab,corev2-pms,,,,,,,,,,,,,,,,,,
i-011b1ef4c80e8a0a3,fun-qa-mp-cap-wms,,,,,,,,,,,,,,,,,,
i-012c8195d4b6b68bd,null,,,,,,,,,,,,,,,,,,
i-012f5c598f9dde11a,fun-dev-mds-cli,,,,,,,,,,,,,,,,,,
i-013bab1d9ccd30bc2,fun-dev-bo-oms,,,,,,,,,,,,,,,,,,
i-015ff658f33c64681,fun-qa-mp-pre,,,,,,,,,,,,,,,,,,
i-01679ac67e076c31a,fun-dev-bo-mds-cli,,,,,,,,,,,,,,,,,,
i-0182f9925c4a41f32,corev2-cap-dev,,,,,,,,,,,,,,,,,,
i-018a42bae3a4e671c,fun-qa-core-mp,,,,,,,,,,,,,,,,,,
i-01d6721f5a5823d6e,fun-dev-bo-pre,,,,,,,,,,,,,,,,,,
i-02000665e4ba72c21,fun-dev-cap-wms-pms,,,,,,,,,,,,,,,,,,
i-02421dd0f31c11c8d,cimb-demo-HoldingServiceCluster,,,,,,,,,,,,,,,,,,
i-025943c6e56b96a56,corev2-uat-core-mp,,,,,,,,,,,,,,,,,,
i-026658abab1724f57,cap-aw-mds-cli,,,,,,,,,,,,,,,,,,
i-02812e12cca179fbb,null,,,,,,,,,,,,,,,,,,
i-02a6e61d5588ded35,fun-dev-bo-pms,,,,,,,,,,,,,,,,,,
i-0301eaf03adc96ff7,fun-dev-mds-bo,,,,,,,,,,,,,,,,,,
i-030315d3f5b9d8d20,null,,,,,,,,,,,,,,,,,,
i-0367e3eb0aa54cbc4,cap-aw-pms,,,,,,,,,,,,,,,,,,
i-0384384930acc2c16,corev2-dev-pre,,,,,,,,,,,,,,,,,,
i-03bdbe88ff1b60230,cap-aw-qa-mds-cli,,,,,,,,,,,,,,,,,,
i-03c04fae5fc800039,oms-dev-cap,,,,,,,,,,,,,,,,,,
i-03d408c111de96437,null,,,,,,,,,,,,,,,,,,
i-03db1cfbd0bfa82a1,fun-dev-cap-wms-wigateway,,,,,,,,,,,,,,,,,,
i-03de875c10032b84c,corev2-mds,,,,,,,,,,,,,,,,,,
i-03ec9d7527cd0e3fe,corev2-dev-pre,,,,,,,,,,,,,,,,,,
i-03f8d45028c55de87,corev2-fun-qa-mds,,,,,,,,,,,,,,,,,,
i-0de92cd0e9a8f4c15,corev2-fun-qa-mds,,,,,,,,,,,,,,,,,,
i-045d1ca8d5b5d17e3,cap-aw-qa-nginx,,,,,,,,,,,,,,,,,,
i-04689d92a01d943c5,null,,,,,,,,,,,,,,,,,,
i-046f2f8ab85b53c44,null,,,,,,,,,,,,,,,,,,
i-0488952643cc3e87b,corev2-pms,,,,,,,,,,,,,,,,,,
i-04999cdea476293cb,null,,,,,,,,,,,,,,,,,,
i-04c1411e0b48cc6a1,oms-dev-oms,,,,,,,,,,,,,,,,,,
i-04c95cc25295f12d3,null,,,,,,,,,,,,,,,,,,
i-04e02c54b608da7cc,fun-dev-bo-oms,,,,,,,,,,,,,,,,,,
i-04e293bf605a4d31b,fun-dev-cap-wms-cap,,,,,,,,,,,,,,,,,,
i-04e50fbd4c5cad157,oms-dev-mds-cli,,,,,,,,,,,,,,,,,,
i-052da20bb1ed5d897,null,,,,,,,,,,,,,,,,,,
i-053c10140261a61a2,fun-dev-cap-wms-cap,,,,,,,,,,,,,,,,,,
i-056d0dd6d8244ea76,cap-aw-qa-wigateway,,,,,,,,,,,,,,,,,,
i-05901f01b9f5119c0,cap-aw-pre,,,,,,,,,,,,,,,,,,
i-05a437839414697c2,null,,,,,,,,,,,,,,,,,,
i-05a5c08dd83bba8b7,fun-dev-cap-wms-oms,,,,,,,,,,,,,,,,,,
i-05bbaa4a992fcf82c,cap-aw-qa-notifier,,,,,,,,,,,,,,,,,,
i-05d0bed1ee17363fd,null,,,,,,,,,,,,,,,,,,
i-05f53c0d6c53c5b36,fun-dev-bo-pms,,,,,,,,,,,,,,,,,,
i-0671db16a66334cdc,fun-dev-cap-wms-mp-cli,,,,,,,,,,,,,,,,,,
i-06a041fe378718676,fun-dev-mds,,,,,,,,,,,,,,,,,,
i-06ad07c3cd822b090,fun-dev-cap-wms-mp-cli,,,,,,,,,,,,,,,,,,
i-0704be08c1ee08ec1,fun-dev-bo-mp-cli,,,,,,,,,,,,,,,,,,
i-0709818f0e3591e04,null,,,,,,,,,,,,,,,,,,
i-0715ee3625906f11c,corev2-mp-core-sit,,,,,,,,,,,,,,,,,,
i-073ccdb5845f867a8,oms-dev-pms,,,,,,,,,,,,,,,,,,
i-075e51cc657679fd4,fun-qa-mp-pre,,,,,,,,,,,,,,,,,,
i-075eb6c0db066b50b,fun-dev-bo-cap-wms,,,,,,,,,,,,,,,,,,
i-076ed42c87a3a4d47,cap-aw-qa-pms,,,,,,,,,,,,,,,,,,
i-07866df0d561a4250,oms-dev-pre,,,,,,,,,,,,,,,,,,
i-0792a9e035ebbc156,null,,,,,,,,,,,,,,,,,,
i-07bdc3acf6b268aa3,cap-aw-qa-oms,,,,,,,,,,,,,,,,,,
i-08084916eda426a0d,corev2-oms,,,,,,,,,,,,,,,,,,
i-081407e8f80839366,cap-aw-pre,,,,,,,,,,,,,,,,,,
i-0846e35701f63d332,sales-demo-cluster,,,,,,,,,,,,,,,,,,
i-086b32d62ab00dbe0,fun-dev-cap-wms-rs,,,,,,,,,,,,,,,,,,
i-086ba1e0a36fc51a9,corev2-mds,,,,,,,,,,,,,,,,,,
i-0893d1f55f06c7298,fun-qa-cli-mp,,,,,,,,,,,,,,,,,,
i-08bcba7a6e53ca0ea,cap-aw-qa-cap,,,,,,,,,,,,,,,,,,
i-08d23a1590a25fe93,cap-aw-qa-mp-cli,,,,,,,,,,,,,,,,,,
i-08d7fe2a2cbf6dc78,oms-dev-mds-cli,,,,,,,,,,,,,,,,,,
i-08e8a4f523332eae9,fun-qa-mp-cap-wms,,,,,,,,,,,,,,,,,,
i-08e9a4bd25370ed5f,fun-qa-core-mp,,,,,,,,,,,,,,,,,,
i-08f86e3fb99d2f03d,fun-dev-bo-repo-cap,,,,,,,,,,,,,,,,,,
i-090462884757804c8,null,,,,,,,,,,,,,,,,,,
i-0908ac6c0668a9a00,null,,,,,,,,,,,,,,,,,,
i-0909bc1518e746604,null,,,,,,,,,,,,,,,,,,
i-093136e89aaa8dd17,cap-aw-qa-oms,,,,,,,,,,,,,,,,,,
i-09316f96130b5078a,fun-dev-bo-rs,,,,,,,,,,,,,,,,,,
i-093951074e0481a6d,oms-dev-bo,,,,,,,,,,,,,,,,,,
i-0946d27766318da4f,cap-aw-pms,,,,,,,,,,,,,,,,,,
i-096a1a7ae3c2e2653,oms-dev-pms,,,,,,,,,,,,,,,,,,
i-0970e583b3d1e00c9,corev2-uat-mds,,,,,,,,,,,,,,,,,,
i-0980898a64f2f5deb,cimb-demo-BillingServiceCluster,,,,,,,,,,,,,,,,,,
i-0986b89347b4cd73c,mandiri-cap-wms,,,,,,,,,,,,,,,,,,
i-099856c588075a4ae,fun-dev-cap-wms-mds-cli,,,,,,,,,,,,,,,,,,
i-09da33d742713ceb2,cap-aw-rs,,,,,,,,,,,,,,,,,,
i-09ed72c833629a51e,fun-dev-mds-bo,,,,,,,,,,,,,,,,,,
i-09f99eb5af96e5ab1,corev2-rs,,,,,,,,,,,,,,,,,,
i-0a0120ab952d5d6e5,cap-aw-qa-mds-core,,,,,,,,,,,,,,,,,,
i-0a1143cde565c6c6d,null,,,,,,,,,,,,,,,,,,
i-0a1adf0aa8e0d2e4a,fun-dev-bo-mds-cli,,,,,,,,,,,,,,,,,,
i-0a20c4bd084761069,fun-dev-cap-wms-notifier,,,,,,,,,,,,,,,,,,
i-0a23813c7bf5f6952,null,,,,,,,,,,,,,,,,,,
i-0a281b756625a66d1,null,,,,,,,,,,,,,,,,,,
i-0a3000aca255ca8da,corev2-dev-bo,,,,,,,,,,,,,,,,,,
i-0a371c740d632b55d,cap-aw-qa-mds-cli,,,,,,,,,,,,,,,,,,
i-0a3da67a0763e3007,corev2-mds-cli,,,,,,,,,,,,,,,,,,
i-0a412af5c29819580,cap-aw-qa-pms,,,,,,,,,,,,,,,,,,
i-0a58a5552f5cd45bc,corev2-migration,,,,,,,,,,,,,,,,,,
i-0a79235e999177374,null,,,,,,,,,,,,,,,,,,
i-0ab41826653d50f1c,corev2-dev-bo,,,,,,,,,,,,,,,,,,
i-0ac4d6d8c74a4ea46,corev2-mp-cli-sit,,,,,,,,,,,,,,,,,,
i-0ac5d1e914dd7e4b7,fun-dev-bo-cap-wms,,,,,,,,,,,,,,,,,,
i-0ae1897da0f5740b9,corev2-auth-service,,,,,,,,,,,,,,,,,,
i-0b067762bcb4edf40,corev2-mp-cli-sit,,,,,,,,,,,,,,,,,,
i-0b0c3dd2e75042fef,cimb-demo-PostInvestmentServiceCluster,,,,,,,,,,,,,,,,,,
i-0b17a0e9352d01f08,fun-dev-bo-repo-cap,,,,,,,,,,,,,,,,,,
i-0b4599e1a3df2741d,cap-aw-oms,,,,,,,,,,,,,,,,,,
i-0b45c892e8a80235c,null,,,,,,,,,,,,,,,,,,
i-0b6f62db8d5ac7143,corev2-cap-dev,,,,,,,,,,,,,,,,,,
i-0b8aca1199ba5ede4,cap-aw-mds-cli,,,,,,,,,,,,,,,,,,
i-0ba19ca92618e1a5d,null,,,,,,,,,,,,,,,,,,
i-0bdaea4f116a99469,corev2-mds-cli,,,,,,,,,,,,,,,,,,
i-0bdd664eb99073b69,oms-dev-oms,,,,,,,,,,,,,,,,,,
i-0c1d788e71d992319,cap-aw-qa-mp-cli,,,,,,,,,,,,,,,,,,
i-0c1df47922766c2dd,oms-dev-mds,,,,,,,,,,,,,,,,,,
i-0c37b270fd5846f41,corev2-notifier,,,,,,,,,,,,,,,,,,
i-0c3a0639ab4cce458,corev2-cap-cac,,,,,,,,,,,,,,,,,,
i-0c446b341f739762d,fun-dev-cap-wms-oms,,,,,,,,,,,,,,,,,,
i-0c5388cb05e5446c9,fun-dev-bo-mp-cli,,,,,,,,,,,,,,,,,,
i-0caabfb15b15c492a,fun-dev-cap-wms-rs,,,,,,,,,,,,,,,,,,
i-0cab45afa77369de3,corev2-oms,,,,,,,,,,,,,,,,,,
i-0cdc882a20573dd72,null,,,,,,,,,,,,,,,,,,
i-0ceb78f8c1c4fc9d1,cap-aw-qa-pre,,,,,,,,,,,,,,,,,,
i-0d089011b70ac428b,null,,,,,,,,,,,,,,,,,,
i-0d461a952d7c89d5d,cap-aw-qa-rs,,,,,,,,,,,,,,,,,,
i-0d477c72004c9de72,fun-dev-cap-wms-pre,,,,,,,,,,,,,,,,,,
i-0d4c3e13339c2ece4,fun-dev-cap-wms-batch,,,,,,,,,,,,,,,,,,
i-0d702924244add654,fun-dev-mds,,,,,,,,,,,,,,,,,,
i-0d7adbf978a52d2fe,cap-aw-cap,,,,,,,,,,,,,,,,,,
i-0db6ff89c2dc6b6c9,null,,,,,,,,,,,,,,,,,,
i-0dd601047036ffe4b,null,,,,,,,,,,,,,,,,,,
i-0dffec45a992eeb72,cap-aw-notifier,,,,,,,,,,,,,,,,,,
i-0e00cb97695b83557,corev2-uat-core-mp,,,,,,,,,,,,,,,,,,
i-0e08fcd19cc0cab77,cap-aw-qa-bo,,,,,,,,,,,,,,,,,,
i-0e18bf42630b50edc,null,,,,,,,,,,,,,,,,,,
i-0e26883402476d72b,cap-aw-qa-rs,,,,,,,,,,,,,,,,,,
i-0e2bcb8baa5c59a8b,cap-aw-qa-mds-core,,,,,,,,,,,,,,,,,,
i-0e3df03bd08c50608,fun-qa-cli-mp,,,,,,,,,,,,,,,,,,
i-0e68d8f0edac7109c,null,,,,,,,,,,,,,,,,,,
i-0e6b613e6d73d3113,null,,,,,,,,,,,,,,,,,,
i-0e6ca52c7e795f0f2,corev2-cap-cac,,,,,,,,,,,,,,,,,,
i-0e8de4969e5bb3646,fun-dev-cap-wms-batch,,,,,,,,,,,,,,,,,,
i-0ea3819fd0de50674,oms-dev-mds,,,,,,,,,,,,,,,,,,
i-0eea60b904e5737a9,corev2-uat-mds,,,,,,,,,,,,,,,,,,
i-0eed9a5b4298eac92,cap-aw-qa-cap,,,,,,,,,,,,,,,,,,
i-0efec43dd78fa6f95,null,,,,,,,,,,,,,,,,,,
i-0f056e7ab65fee467,oms-dev-bo,,,,,,,,,,,,,,,,,,
i-0f0c00c285214dfaa,cap-aw-mp-cli,,,,,,,,,,,,,,,,,,
i-0f0ff58ad79277de4,null,,,,,,,,,,,,,,,,,,
i-0f6d439c6e6207bdb,cap-aw-wi-gateway,,,,,,,,,,,,,,,,,,
i-0f82655eb730d790e,cimb-demo-InvestorDetailCluster,,,,,,,,,,,,,,,,,,
i-0fba25cded0ade90d,corev2-rs,,,,,,,,,,,,,,,,,,
i-0fd05e9bda2cc5e97,cap-aw-oms,,,,,,,,,,,,,,,,,,
i-0fd433b6cea65671c,fun-dev-bo-pre,,,,,,,,,,,,,,,,,,
i-0fed669a2046fe45d,cap-aw-qa-pre,,,,,,,,,,,,,,,,,,
i-051bf79f908948b02,fun-dev-cap-wms-pre,,,,,,,,,,,,,,,,,,
i-09aabcd9c995a471d,fun-dev-bo-mds-cli,,,,,,,,,,,,,,,,,,
i-00096b53a3d0a1d35,fun-dev-bo-rs,,,,,,,,,,,,,,,,,,
,,,,,,,,,,,,,,,,,,,
,,,,,,,,,,,,,,,,,,,
,,,,,,,,,,,,,,,,,,,
,,,,,,,,,,,,,,,,,,,
,,,,,,,,,,,,,,,,,,,
,,,,,,,,,,,,,,,,,,,
,,,,,,,,,,,,,,,,,,,
,,,,,,,,,,,,,,,,,,,
,,,,,,,,,,,,,,,,,,,
,,,,,,,,,,,,,,,,,,,
,,,,,,,,,,,,,,,,,,,
,,,,,,,,,,,,,,,,,,,
,,,,,,,,,,,,,,,,,,,
,,,,,,,,,,,,,,,,,,,
,,,,,,,,,,,,,,,,,,,
,,,,,,,,,,,,,,,,,,,
,,,,,,,,,,,,,,,,,,,
,,,,,,,,,,,,,,,,,,,
,,,,,,,,,,,,,,,,,,,
,,,,,,,,,,,,,,,,,,,
,,,,,,,,,,,,,,,,,,,
,,,,,,,,,,,,,,,,,,,
,,,,,,,,,,,,,,,,,,,
,,,,,,,,,,,,,,,,,,,
,,,,,,,,,,,,,,,,,,,
,,,,,,,,,,,,,,,,,,,
,,,,,,,,,,,,,,,,,,,
,,,,,,,,,,,,,,,,,,,
,,,,,,,,,,,,,,,,,,,
,,,,,,,,,,,,,,,,,,,
,,,,,,,,,,,,,,,,,,,
,,,,,,,,,,,,,,,,,,,
,,,,,,,,,,,,,,,,,,,
,,,,,,,,,,,,,,,,,,,
,,,,,,,,,,,,,,,,,,,
,,,,,,,,,,,,,,,,,,,
,,,,,,,,,,,,,,,,,,,
,,,,,,,,,,,,,,,,,,,
,,,,,,,,,,,,,,,,,,,
,,,,,,,,,,,,,,,,,,,
,,,,,,,,,,,,,,,,,,,
,,,,,,,,,,,,,,,,,,,
,,,,,,,,,,,,,,,,,,,
,,,,,,,,,,,,,,,,,,,
,,,,,,,,,,,,,,,,,,,
,,,,,,,,,,,,,,,,,,,
,,,,,,,,,,,,,,,,,,,
,,,,,,,,,,,,,,,,,,,
,,,,,,,,,,,,,,,,,,,
,,,,,,,,,,,,,,,,,,,
,,,,,,,,,,,,,,,,,,,
,,,,,,,,,,,,,,,,,,,
,,,,,,,,,,,,,,,,,,,
,,,,,,,,,,,,,,,,,,,
,,,,,,,,,,,,,,,,,,,
,,,,,,,,,,,,,,,,,,,
,,,,,,,,,,,,,,,,,,,
,,,,,,,,,,,,,,,,,,,
,,,,,,,,,,,,,,,,,,,
,,,,,,,,,,,,,,,,,,,
,,,,,,,,,,,,,,,,,,,
,,,,,,,,,,,,,,,,,,,
,,,,,,,,,,,,,,,,,,,
,,,,,,,,,,,,,,,,,,,
,,,,,,,,,,,,,,,,,,,
,,,,,,,,,,,,,,,,,,,
,,,,,,,,,,,,,,,,,,,
,,,,,,,,,,,,,,,,,,,
,,,,,,,,,,,,,,,,,,,
,,,,,,,,,,,,,,,,,,,
,,,,,,,,,,,,,,,,,,,
,,,,,,,,,,,,,,,,,,,
,,,,,,,,,,,,,,,,,,,
,,,,,,,,,,,,,,,,,,,
,,,,,,,,,,,,,,,,,,,
,,,,,,,,,,,,,,,,,,,
,,,,,,,,,,,,,,,,,,,
,,,,,,,,,,,,,,,,,,,
,,,,,,,,,,,,,,,,,,,
,,,,,,,,,,,,,,,,,,,
,,,,,,,,,,,,,,,,,,,
,,,,,,,,,,,,,,,,,,,
,,,,,,,,,,,,,,,,,,,
,,,,,,,,,,,,,,,,,,,
,,,,,,,,,,,,,,,,,,,
,,,,,,,,,,,,,,,,,,,
,,,,,,,,,,,,,,,,,,,
,,,,,,,,,,,,,,,,,,,
,,,,,,,,,,,,,,,,,,,
,,,,,,,,,,,,,,,,,,,
,,,,,,,,,,,,,,,,,,,
,,,,,,,,,,,,,,,,,,,
,,,,,,,,,,,,,,,,,,,
,,,,,,,,,,,,,,,,,,,
,,,,,,,,,,,,,,,,,,,
,,,,,,,,,,,,,,,,,,,
,,,,,,,,,,,,,,,,,,,
,,,,,,,,,,,,,,,,,,,
,,,,,,,,,,,,,,,,,,,
,,,,,,,,,,,,,,,,,,,
,,,,,,,,,,,,,,,,,,,
,,,,,,,,,,,,,,,,,,,
,,,,,,,,,,,,,,,,,,,
,,,,,,,,,,,,,,,,,,,
,,,,,,,,,,,,,,,,,,,
,,,,,,,,,,,,,,,,,,,
,,,,,,,,,,,,,,,,,,,
,,,,,,,,,,,,,,,,,,,
,,,,,,,,,,,,,,,,,,,
,,,,,,,,,,,,,,,,,,,
,,,,,,,,,,,,,,,,,,,
,,,,,,,,,,,,,,,,,,,
,,,,,,,,,,,,,,,,,,,
,,,,,,,,,,,,,,,,,,,
,,,,,,,,,,,,,,,,,,,
,,,,,,,,,,,,,,,,,,,
,,,,,,,,,,,,,,,,,,,
,,,,,,,,,,,,,,,,,,,
,,,,,,,,,,,,,,,,,,,
,,,,,,,,,,,,,,,,,,,
,,,,,,,,,,,,,,,,,,,
,,,,,,,,,,,,,,,,,,,
,,,,,,,,,,,,,,,,,,,
,,,,,,,,,,,,,,,,,,,
,,,,,,,,,,,,,,,,,,,
,,,,,,,,,,,,,,,,,,,
,,,,,,,,,,,,,,,,,,,
,,,,,,,,,,,,,,,,,,,
,,,,,,,,,,,,,,,,,,,
,,,,,,,,,,,,,,,,,,,
,,,,,,,,,,,,,,,,,,,
,,,,,,,,,,,,,,,,,,,
,,,,,,,,,,,,,,,,,,,
,,,,,,,,,,,,,,,,,,,
,,,,,,,,,,,,,,,,,,,
,,,,,,,,,,,,,,,,,,,
,,,,,,,,,,,,,,,,,,,
,,,,,,,,,,,,,,,,,,,
,,,,,,,,,,,,,,,,,,,
,,,,,,,,,,,,,,,,,,,
,,,,,,,,,,,,,,,,,,,
,,,,,,,,,,,,,,,,,,,
,,,,,,,,,,,,,,,,,,,
,,,,,,,,,,,,,,,,,,,
,,,,,,,,,,,,,,,,,,,
,,,,,,,,,,,,,,,,,,,
,,,,,,,,,,,,,,,,,,,
,,,,,,,,,,,,,,,,,,,
,,,,,,,,,,,,,,,,,,,
,,,,,,,,,,,,,,,,,,,
,,,,,,,,,,,,,,,,,,,
,,,,,,,,,,,,,,,,,,,
,,,,,,,,,,,,,,,,,,,
,,,,,,,,,,,,,,,,,,,
,,,,,,,,,,,,,,,,,,,
,,,,,,,,,,,,,,,,,,,
,,,,,,,,,,,,,,,,,,,
,,,,,,,,,,,,,,,,,,,
,,,,,,,,,,,,,,,,,,,
,,,,,,,,,,,,,,,,,,,
,,,,,,,,,,,,,,,,,,,
,,,,,,,,,,,,,,,,,,,
,,,,,,,,,,,,,,,,,,,
,,,,,,,,,,,,,,,,,,,
,,,,,,,,,,,,,,,,,,,
,,,,,,,,,,,,,,,,,,,
,,,,,,,,,,,,,,,,,,,
,,,,,,,,,,,,,,,,,,,
,,,,,,,,,,,,,,,,,,,
,,,,,,,,,,,,,,,,,,,
,,,,,,,,,,,,,,,,,,,
,,,,,,,,,,,,,,,,,,,
,,,,,,,,,,,,,,,,,,,
,,,,,,,,,,,,,,,,,,,
,,,,,,,,,,,,,,,,,,,
,,,,,,,,,,,,,,,,,,,
,,,,,,,,,,,,,,,,,,,
,,,,,,,,,,,,,,,,,,,
,,,,,,,,,,,,,,,,,,,
,,,,,,,,,,,,,,,,,,,
,,,,,,,,,,,,,,,,,,,
,,,,,,,,,,,,,,,,,,,
,,,,,,,,,,,,,,,,,,,
,,,,,,,,,,,,,,,,,,,
,,,,,,,,,,,,,,,,,,,
,,,,,,,,,,,,,,,,,,,
,,,,,,,,,,,,,,,,,,,
,,,,,,,,,,,,,,,,,,,
,,,,,,,,,,,,,,,,,,,
,,,,,,,,,,,,,,,,,,,
,,,,,,,,,,,,,,,,,,,
,,,,,,,,,,,,,,,,,,,
,,,,,,,,,,,,,,,,,,,
,,,,,,,,,,,,,,,,,,,
,,,,,,,,,,,,,,,,,,,
,,,,,,,,,,,,,,,,,,,
,,,,,,,,,,,,,,,,,,,
,,,,,,,,,,,,,,,,,,,
,,,,,,,,,,,,,,,,,,,
,,,,,,,,,,,,,,,,,,,
,,,,,,,,,,,,,,,,,,,
,,,,,,,,,,,,,,,,,,,
,,,,,,,,,,,,,,,,,,,
,,,,,,,,,,,,,,,,,,,
,,,,,,,,,,,,,,,,,,,
,,,,,,,,,,,,,,,,,,,
,,,,,,,,,,,,,,,,,,,
,,,,,,,,,,,,,,,,,,,
,,,,,,,,,,,,,,,,,,,
,,,,,,,,,,,,,,,,,,,
,,,,,,,,,,,,,,,,,,,
,,,,,,,,,,,,,,,,,,,
,,,,,,,,,,,,,,,,,,,
,,,,,,,,,,,,,,,,,,,
,,,,,,,,,,,,,,,,,,,
,,,,,,,,,,,,,,,,,,,
,,,,,,,,,,,,,,,,,,,
,,,,,,,,,,,,,,,,,,,
,,,,,,,,,,,,,,,,,,,
,,,,,,,,,,,,,,,,,,,
,,,,,,,,,,,,,,,,,,,
,,,,,,,,,,,,,,,,,,,
,,,,,,,,,,,,,,,,,,,
,,,,,,,,,,,,,,,,,,,
,,,,,,,,,,,,,,,,,,,
,,,,,,,,,,,,,,,,,,,
,,,,,,,,,,,,,,,,,,,
,,,,,,,,,,,,,,,,,,,
,,,,,,,,,,,,,,,,,,,
,,,,,,,,,,,,,,,,,,,
,,,,,,,,,,,,,,,,,,,
,,,,,,,,,,,,,,,,,,,
,,,,,,,,,,,,,,,,,,,
,,,,,,,,,,,,,,,,,,,
,,,,,,,,,,,,,,,,,,,
,,,,,,,,,,,,,,,,,,,
,,,,,,,,,,,,,,,,,,,
,,,,,,,,,,,,,,,,,,,
,,,,,,,,,,,,,,,,,,,
,,,,,,,,,,,,,,,,,,,
,,,,,,,,,,,,,,,,,,,
,,,,,,,,,,,,,,,,,,,
,,,,,,,,,,,,,,,,,,,
,,,,,,,,,,,,,,,,,,,
,,,,,,,,,,,,,,,,,,,
,,,,,,,,,,,,,,,,,,,
,,,,,,,,,,,,,,,,,,,
,,,,,,,,,,,,,,,,,,,
,,,,,,,,,,,,,,,,,,,
,,,,,,,,,,,,,,,,,,,
,,,,,,,,,,,,,,,,,,,
,,,,,,,,,,,,,,,,,,,
,,,,,,,,,,,,,,,,,,,
,,,,,,,,,,,,,,,,,,,
,,,,,,,,,,,,,,,,,,,
,,,,,,,,,,,,,,,,,,,
,,,,,,,,,,,,,,,,,,,
,,,,,,,,,,,,,,,,,,,
,,,,,,,,,,,,,,,,,,,
,,,,,,,,,,,,,,,,,,,
,,,,,,,,,,,,,,,,,,,
,,,,,,,,,,,,,,,,,,,
,,,,,,,,,,,,,,,,,,,
,,,,,,,,,,,,,,,,,,,
,,,,,,,,,,,,,,,,,,,
,,,,,,,,,,,,,,,,,,,
,,,,,,,,,,,,,,,,,,,
,,,,,,,,,,,,,,,,,,,
,,,,,,,,,,,,,,,,,,,
,,,,,,,,,,,,,,,,,,,
,,,,,,,,,,,,,,,,,,,
,,,,,,,,,,,,,,,,,,,
,,,,,,,,,,,,,,,,,,,
,,,,,,,,,,,,,,,,,,,
,,,,,,,,,,,,,,,,,,,
,,,,,,,,,,,,,,,,,,,
,,,,,,,,,,,,,,,,,,,
,,,,,,,,,,,,,,,,,,,
,,,,,,,,,,,,,,,,,,,
,,,,,,,,,,,,,,,,,,,
,,,,,,,,,,,,,,,,,,,
,,,,,,,,,,,,,,,,,,,
,,,,,,,,,,,,,,,,,,,
,,,,,,,,,,,,,,,,,,,
,,,,,,,,,,,,,,,,,,,
,,,,,,,,,,,,,,,,,,,
,,,,,,,,,,,,,,,,,,,
,,,,,,,,,,,,,,,,,,,
,,,,,,,,,,,,,,,,,,,
,,,,,,,,,,,,,,,,,,,
,,,,,,,,,,,,,,,,,,,
,,,,,,,,,,,,,,,,,,,
,,,,,,,,,,,,,,,,,,,
,,,,,,,,,,,,,,,,,,,
,,,,,,,,,,,,,,,,,,,
,,,,,,,,,,,,,,,,,,,
,,,,,,,,,,,,,,,,,,,
,,,,,,,,,,,,,,,,,,,
,,,,,,,,,,,,,,,,,,,
,,,,,,,,,,,,,,,,,,,
,,,,,,,,,,,,,,,,,,,
,,,,,,,,,,,,,,,,,,,
,,,,,,,,,,,,,,,,,,,
,,,,,,,,,,,,,,,,,,,
,,,,,,,,,,,,,,,,,,,
,,,,,,,,,,,,,,,,,,,
,,,,,,,,,,,,,,,,,,,
,,,,,,,,,,,,,,,,,,,
,,,,,,,,,,,,,,,,,,,
,,,,,,,,,,,,,,,,,,,
,,,,,,,,,,,,,,,,,,,
,,,,,,,,,,,,,,,,,,,
,,,,,,,,,,,,,,,,,,,
,,,,,,,,,,,,,,,,,,,
,,,,,,,,,,,,,,,,,,,
,,,,,,,,,,,,,,,,,,,
,,,,,,,,,,,,,,,,,,,
,,,,,,,,,,,,,,,,,,,
,,,,,,,,,,,,,,,,,,,
,,,,,,,,,,,,,,,,,,,
,,,,,,,,,,,,,,,,,,,
,,,,,,,,,,,,,,,,,,,
,,,,,,,,,,,,,,,,,,,
,,,,,,,,,,,,,,,,,,,
,,,,,,,,,,,,,,,,,,,
,,,,,,,,,,,,,,,,,,,
,,,,,,,,,,,,,,,,,,,
,,,,,,,,,,,,,,,,,,,
,,,,,,,,,,,,,,,,,,,
,,,,,,,,,,,,,,,,,,,
,,,,,,,,,,,,,,,,,,,
,,,,,,,,,,,,,,,,,,,
,,,,,,,,,,,,,,,,,,,
,,,,,,,,,,,,,,,,,,,
,,,,,,,,,,,,,,,,,,,
,,,,,,,,,,,,,,,,,,,
,,,,,,,,,,,,,,,,,,,
,,,,,,,,,,,,,,,,,,,
,,,,,,,,,,,,,,,,,,,
,,,,,,,,,,,,,,,,,,,
,,,,,,,,,,,,,,,,,,,
,,,,,,,,,,,,,,,,,,,
,,,,,,,,,,,,,,,,,,,
,,,,,,,,,,,,,,,,,,,
,,,,,,,,,,,,,,,,,,,
,,,,,,,,,,,,,,,,,,,
,,,,,,,,,,,,,,,,,,,
,,,,,,,,,,,,,,,,,,,
,,,,,,,,,,,,,,,,,,,
,,,,,,,,,,,,,,,,,,,
,,,,,,,,,,,,,,,,,,,
,,,,,,,,,,,,,,,,,,,
,,,,,,,,,,,,,,,,,,,
,,,,,,,,,,,,,,,,,,,
,,,,,,,,,,,,,,,,,,,
,,,,,,,,,,,,,,,,,,,
,,,,,,,,,,,,,,,,,,,
,,,,,,,,,,,,,,,,,,,
,,,,,,,,,,,,,,,,,,,
,,,,,,,,,,,,,,,,,,,
,,,,,,,,,,,,,,,,,,,
,,,,,,,,,,,,,,,,,,,
,,,,,,,,,,,,,,,,,,,
,,,,,,,,,,,,,,,,,,,
,,,,,,,,,,,,,,,,,,,
,,,,,,,,,,,,,,,,,,,
,,,,,,,,,,,,,,,,,,,
,,,,,,,,,,,,,,,,,,,
,,,,,,,,,,,,,,,,,,,
,,,,,,,,,,,,,,,,,,,
,,,,,,,,,,,,,,,,,,,
,,,,,,,,,,,,,,,,,,,
,,,,,,,,,,,,,,,,,,,
,,,,,,,,,,,,,,,,,,,
,,,,,,,,,,,,,,,,,,,
,,,,,,,,,,,,,,,,,,,
,,,,,,,,,,,,,,,,,,,
,,,,,,,,,,,,,,,,,,,
,,,,,,,,,,,,,,,,,,,
,,,,,,,,,,,,,,,,,,,
,,,,,,,,,,,,,,,,,,,
,,,,,,,,,,,,,,,,,,,
,,,,,,,,,,,,,,,,,,,
,,,,,,,,,,,,,,,,,,,
,,,,,,,,,,,,,,,,,,,
,,,,,,,,,,,,,,,,,,,
,,,,,,,,,,,,,,,,,,,
,,,,,,,,,,,,,,,,,,,
,,,,,,,,,,,,,,,,,,,
,,,,,,,,,,,,,,,,,,,
,,,,,,,,,,,,,,,,,,,
,,,,,,,,,,,,,,,,,,,
,,,,,,,,,,,,,,,,,,,
,,,,,,,,,,,,,,,,,,,
,,,,,,,,,,,,,,,,,,,
,,,,,,,,,,,,,,,,,,,
,,,,,,,,,,,,,,,,,,,
,,,,,,,,,,,,,,,,,,,
,,,,,,,,,,,,,,,,,,,
,,,,,,,,,,,,,,,,,,,
,,,,,,,,,,,,,,,,,,,
,,,,,,,,,,,,,,,,,,,
,,,,,,,,,,,,,,,,,,,
,,,,,,,,,,,,,,,,,,,
,,,,,,,,,,,,,,,,,,,
,,,,,,,,,,,,,,,,,,,
,,,,,,,,,,,,,,,,,,,
,,,,,,,,,,,,,,,,,,,
,,,,,,,,,,,,,,,,,,,
,,,,,,,,,,,,,,,,,,,
,,,,,,,,,,,,,,,,,,,
,,,,,,,,,,,,,,,,,,,
,,,,,,,,,,,,,,,,,,,
,,,,,,,,,,,,,,,,,,,
,,,,,,,,,,,,,,,,,,,
,,,,,,,,,,,,,,,,,,,
,,,,,,,,,,,,,,,,,,,
,,,,,,,,,,,,,,,,,,,
,,,,,,,,,,,,,,,,,,,
,,,,,,,,,,,,,,,,,,,
,,,,,,,,,,,,,,,,,,,
,,,,,,,,,,,,,,,,,,,
,,,,,,,,,,,,,,,,,,,
,,,,,,,,,,,,,,,,,,,
,,,,,,,,,,,,,,,,,,,
,,,,,,,,,,,,,,,,,,,
,,,,,,,,,,,,,,,,,,,
,,,,,,,,,,,,,,,,,,,
,,,,,,,,,,,,,,,,,,,
,,,,,,,,,,,,,,,,,,,
,,,,,,,,,,,,,,,,,,,
,,,,,,,,,,,,,,,,,,,
,,,,,,,,,,,,,,,,,,,
,,,,,,,,,,,,,,,,,,,
,,,,,,,,,,,,,,,,,,,
,,,,,,,,,,,,,,,,,,,
,,,,,,,,,,,,,,,,,,,
,,,,,,,,,,,,,,,,,,,
,,,,,,,,,,,,,,,,,,,
,,,,,,,,,,,,,,,,,,,
,,,,,,,,,,,,,,,,,,,
,,,,,,,,,,,,,,,,,,,
,,,,,,,,,,,,,,,,,,,
,,,,,,,,,,,,,,,,,,,
,,,,,,,,,,,,,,,,,,,
,,,,,,,,,,,,,,,,,,,
,,,,,,,,,,,,,,,,,,,
,,,,,,,,,,,,,,,,,,,
,,,,,,,,,,,,,,,,,,,
,,,,,,,,,,,,,,,,,,,
,,,,,,,,,,,,,,,,,,,
,,,,,,,,,,,,,,,,,,,
,,,,,,,,,,,,,,,,,,,
,,,,,,,,,,,,,,,,,,,
,,,,,,,,,,,,,,,,,,,
,,,,,,,,,,,,,,,,,,,
,,,,,,,,,,,,,,,,,,,
,,,,,,,,,,,,,,,,,,,
,,,,,,,,,,,,,,,,,,,
,,,,,,,,,,,,,,,,,,,
,,,,,,,,,,,,,,,,,,,
,,,,,,,,,,,,,,,,,,,
,,,,,,,,,,,,,,,,,,,
,,,,,,,,,,,,,,,,,,,
,,,,,,,,,,,,,,,,,,,
,,,,,,,,,,,,,,,,,,,
,,,,,,,,,,,,,,,,,,,
,,,,,,,,,,,,,,,,,,,
,,,,,,,,,,,,,,,,,,,
,,,,,,,,,,,,,,,,,,,
,,,,,,,,,,,,,,,,,,,
,,,,,,,,,,,,,,,,,,,
,,,,,,,,,,,,,,,,,,,
,,,,,,,,,,,,,,,,,,,
,,,,,,,,,,,,,,,,,,,
,,,,,,,,,,,,,,,,,,,
,,,,,,,,,,,,,,,,,,,
,,,,,,,,,,,,,,,,,,,
,,,,,,,,,,,,,,,,,,,
,,,,,,,,,,,,,,,,,,,
,,,,,,,,,,,,,,,,,,,
,,,,,,,,,,,,,,,,,,,
,,,,,,,,,,,,,,,,,,,
,,,,,,,,,,,,,,,,,,,
,,,,,,,,,,,,,,,,,,,
,,,,,,,,,,,,,,,,,,,
,,,,,,,,,,,,,,,,,,,
,,,,,,,,,,,,,,,,,,,
,,,,,,,,,,,,,,,,,,,
,,,,,,,,,,,,,,,,,,,
,,,,,,,,,,,,,,,,,,,
,,,,,,,,,,,,,,,,,,,
,,,,,,,,,,,,,,,,,,,
,,,,,,,,,,,,,,,,,,,
,,,,,,,,,,,,,,,,,,,
,,,,,,,,,,,,,,,,,,,
,,,,,,,,,,,,,,,,,,,
,,,,,,,,,,,,,,,,,,,
,,,,,,,,,,,,,,,,,,,
,,,,,,,,,,,,,,,,,,,
,,,,,,,,,,,,,,,,,,,
,,,,,,,,,,,,,,,,,,,
,,,,,,,,,,,,,,,,,,,
,,,,,,,,,,,,,,,,,,,
,,,,,,,,,,,,,,,,,,,
,,,,,,,,,,,,,,,,,,,
,,,,,,,,,,,,,,,,,,,
,,,,,,,,,,,,,,,,,,,
,,,,,,,,,,,,,,,,,,,
,,,,,,,,,,,,,,,,,,,
,,,,,,,,,,,,,,,,,,,
,,,,,,,,,,,,,,,,,,,
,,,,,,,,,,,,,,,,,,,
,,,,,,,,,,,,,,,,,,,
,,,,,,,,,,,,,,,,,,,
,,,,,,,,,,,,,,,,,,,
,,,,,,,,,,,,,,,,,,,
,,,,,,,,,,,,,,,,,,,
,,,,,,,,,,,,,,,,,,,
,,,,,,,,,,,,,,,,,,,
,,,,,,,,,,,,,,,,,,,
,,,,,,,,,,,,,,,,,,,
,,,,,,,,,,,,,,,,,,,
,,,,,,,,,,,,,,,,,,,
,,,,,,,,,,,,,,,,,,,
,,,,,,,,,,,,,,,,,,,
,,,,,,,,,,,,,,,,,,,
,,,,,,,,,,,,,,,,,,,
,,,,,,,,,,,,,,,,,,,
,,,,,,,,,,,,,,,,,,,
,,,,,,,,,,,,,,,,,,,
,,,,,,,,,,,,,,,,,,,
,,,,,,,,,,,,,,,,,,,
,,,,,,,,,,,,,,,,,,,
,,,,,,,,,,,,,,,,,,,
,,,,,,,,,,,,,,,,,,,
,,,,,,,,,,,,,,,,,,,
,,,,,,,,,,,,,,,,,,,
,,,,,,,,,,,,,,,,,,,
,,,,,,,,,,,,,,,,,,,
,,,,,,,,,,,,,,,,,,,
,,,,,,,,,,,,,,,,,,,
,,,,,,,,,,,,,,,,,,,
,,,,,,,,,,,,,,,,,,,
,,,,,,,,,,,,,,,,,,,
,,,,,,,,,,,,,,,,,,,
,,,,,,,,,,,,,,,,,,,
,,,,,,,,,,,,,,,,,,,
,,,,,,,,,,,,,,,,,,,
,,,,,,,,,,,,,,,,,,,
,,,,,,,,,,,,,,,,,,,
,,,,,,,,,,,,,,,,,,,
,,,,,,,,,,,,,,,,,,,
,,,,,,,,,,,,,,,,,,,
,,,,,,,,,,,,,,,,,,,
,,,,,,,,,,,,,,,,,,,
,,,,,,,,,,,,,,,,,,,
,,,,,,,,,,,,,,,,,,,
,,,,,,,,,,,,,,,,,,,
,,,,,,,,,,,,,,,,,,,
,,,,,,,,,,,,,,,,,,,
,,,,,,,,,,,,,,,,,,,
,,,,,,,,,,,,,,,,,,,
,,,,,,,,,,,,,,,,,,,
,,,,,,,,,,,,,,,,,,,
,,,,,,,,,,,,,,,,,,,
,,,,,,,,,,,,,,,,,,,
,,,,,,,,,,,,,,,,,,,
,,,,,,,,,,,,,,,,,,,
,,,,,,,,,,,,,,,,,,,
,,,,,,,,,,,,,,,,,,,
,,,,,,,,,,,,,,,,,,,
,,,,,,,,,,,,,,,,,,,
,,,,,,,,,,,,,,,,,,,
,,,,,,,,,,,,,,,,,,,
,,,,,,,,,,,,,,,,,,,
,,,,,,,,,,,,,,,,,,,
,,,,,,,,,,,,,,,,,,,
,,,,,,,,,,,,,,,,,,,
,,,,,,,,,,,,,,,,,,,
,,,,,,,,,,,,,,,,,,,
,,,,,,,,,,,,,,,,,,,
,,,,,,,,,,,,,,,,,,,
,,,,,,,,,,,,,,,,,,,
,,,,,,,,,,,,,,,,,,,
,,,,,,,,,,,,,,,,,,,
,,,,,,,,,,,,,,,,,,,
,,,,,,,,,,,,,,,,,,,
,,,,,,,,,,,,,,,,,,,
,,,,,,,,,,,,,,,,,,,
,,,,,,,,,,,,,,,,,,,
,,,,,,,,,,,,,,,,,,,
,,,,,,,,,,,,,,,,,,,
,,,,,,,,,,,,,,,,,,,
,,,,,,,,,,,,,,,,,,,
,,,,,,,,,,,,,,,,,,,
,,,,,,,,,,,,,,,,,,,
,,,,,,,,,,,,,,,,,,,
,,,,,,,,,,,,,,,,,,,
,,,,,,,,,,,,,,,,,,,
,,,,,,,,,,,,,,,,,,,
,,,,,,,,,,,,,,,,,,,
,,,,,,,,,,,,,,,,,,,
,,,,,,,,,,,,,,,,,,,
,,,,,,,,,,,,,,,,,,,
,,,,,,,,,,,,,,,,,,,
,,,,,,,,,,,,,,,,,,,
,,,,,,,,,,,,,,,,,,,
,,,,,,,,,,,,,,,,,,,
,,,,,,,,,,,,,,,,,,,
,,,,,,,,,,,,,,,,,,,
,,,,,,,,,,,,,,,,,,,
,,,,,,,,,,,,,,,,,,,
,,,,,,,,,,,,,,,,,,,
,,,,,,,,,,,,,,,,,,,
,,,,,,,,,,,,,,,,,,,
,,,,,,,,,,,,,,,,,,,
,,,,,,,,,,,,,,,,,,,
,,,,,,,,,,,,,,,,,,,
,,,,,,,,,,,,,,,,,,,
,,,,,,,,,,,,,,,,,,,
,,,,,,,,,,,,,,,,,,,
,,,,,,,,,,,,,,,,,,,
,,,,,,,,,,,,,,,,,,,
,,,,,,,,,,,,,,,,,,,
,,,,,,,,,,,,,,,,,,,
,,,,,,,,,,,,,,,,,,,
,,,,,,,,,,,,,,,,,,,
,,,,,,,,,,,,,,,,,,,
,,,,,,,,,,,,,,,,,,,
,,,,,,,,,,,,,,,,,,,
,,,,,,,,,,,,,,,,,,,
,,,,,,,,,,,,,,,,,,,
,,,,,,,,,,,,,,,,,,,
,,,,,,,,,,,,,,,,,,,
,,,,,,,,,,,,,,,,,,,
,,,,,,,,,,,,,,,,,,,
,,,,,,,,,,,,,,,,,,,
,,,,,,,,,,,,,,,,,,,
,,,,,,,,,,,,,,,,,,,
,,,,,,,,,,,,,,,,,,,
,,,,,,,,,,,,,,,,,,,
,,,,,,,,,,,,,,,,,,,
,,,,,,,,,,,,,,,,,,,
,,,,,,,,,,,,,,,,,,,
,,,,,,,,,,,,,,,,,,,
,,,,,,,,,,,,,,,,,,,
,,,,,,,,,,,,,,,,,,,
,,,,,,,,,,,,,,,,,,,
,,,,,,,,,,,,,,,,,,,
,,,,,,,,,,,,,,,,,,,
,,,,,,,,,,,,,,,,,,,
,,,,,,,,,,,,,,,,,,,
,,,,,,,,,,,,,,,,,,,
,,,,,,,,,,,,,,,,,,,
,,,,,,,,,,,,,,,,,,,
,,,,,,,,,,,,,,,,,,,
,,,,,,,,,,,,,,,,,,,
,,,,,,,,,,,,,,,,,,,
,,,,,,,,,,,,,,,,,,,
,,,,,,,,,,,,,,,,,,,
,,,,,,,,,,,,,,,,,,,
,,,,,,,,,,,,,,,,,,,
,,,,,,,,,,,,,,,,,,,
,,,,,,,,,,,,,,,,,,,
,,,,,,,,,,,,,,,,,,,
,,,,,,,,,,,,,,,,,,,
,,,,,,,,,,,,,,,,,,,
,,,,,,,,,,,,,,,,,,,
,,,,,,,,,,,,,,,,,,,
,,,,,,,,,,,,,,,,,,,
,,,,,,,,,,,,,,,,,,,
,,,,,,,,,,,,,,,,,,,
,,,,,,,,,,,,,,,,,,,
,,,,,,,,,,,,,,,,,,,
,,,,,,,,,,,,,,,,,,,
,,,,,,,,,,,,,,,,,,,
,,,,,,,,,,,,,,,,,,,
,,,,,,,,,,,,,,,,,,,
,,,,,,,,,,,,,,,,,,,
,,,,,,,,,,,,,,,,,,,
,,,,,,,,,,,,,,,,,,,
,,,,,,,,,,,,,,,,,,,
,,,,,,,,,,,,,,,,,,,
,,,,,,,,,,,,,,,,,,,
,,,,,,,,,,,,,,,,,,,
,,,,,,,,,,,,,,,,,,,
,,,,,,,,,,,,,,,,,,,
,,,,,,,,,,,,,,,,,,,
,,,,,,,,,,,,,,,,,,,
,,,,,,,,,,,,,,,,,,,
,,,,,,,,,,,,,,,,,,,
,,,,,,,,,,,,,,,,,,,
,,,,,,,,,,,,,,,,,,,
,,,,,,,,,,,,,,,,,,,
,,,,,,,,,,,,,,,,,,,
,,,,,,,,,,,,,,,,,,,
,,,,,,,,,,,,,,,,,,,
,,,,,,,,,,,,,,,,,,,
,,,,,,,,,,,,,,,,,,,
,,,,,,,,,,,,,,,,,,,
,,,,,,,,,,,,,,,,,,,
,,,,,,,,,,,,,,,,,,,
,,,,,,,,,,,,,,,,,,,
,,,,,,,,,,,,,,,,,,,
,,,,,,,,,,,,,,,,,,,
,,,,,,,,,,,,,,,,,,,
,,,,,,,,,,,,,,,,,,,
,,,,,,,,,,,,,,,,,,,
,,,,,,,,,,,,,,,,,,,
,,,,,,,,,,,,,,,,,,,
,,,,,,,,,,,,,,,,,,,
,,,,,,,,,,,,,,,,,,,
,,,,,,,,,,,,,,,,,,,
,,,,,,,,,,,,,,,,,,,
,,,,,,,,,,,,,,,,,,,
,,,,,,,,,,,,,,,,,,,
,,,,,,,,,,,,,,,,,,,
,,,,,,,,,,,,,,,,,,,
,,,,,,,,,,,,,,,,,,,
,,,,,,,,,,,,,,,,,,,
,,,,,,,,,,,,,,,,,,,
,,,,,,,,,,,,,,,,,,,
,,,,,,,,,,,,,,,,,,,
,,,,,,,,,,,,,,,,,,,
,,,,,,,,,,,,,,,,,,,
,,,,,,,,,,,,,,,,,,,
,,,,,,,,,,,,,,,,,,,
,,,,,,,,,,,,,,,,,,,
,,,,,,,,,,,,,,,,,,,
,,,,,,,,,,,,,,,,,,,
,,,,,,,,,,,,,,,,,,,
,,,,,,,,,,,,,,,,,,,
,,,,,,,,,,,,,,,,,,,
,,,,,,,,,,,,,,,,,,,
,,,,,,,,,,,,,,,,,,,
,,,,,,,,,,,,,,,,,,,
,,,,,,,,,,,,,,,,,,,
,,,,,,,,,,,,,,,,,,,
,,,,,,,,,,,,,,,,,,,
,,,,,,,,,,,,,,,,,,,
,,,,,,,,,,,,,,,,,,,
,,,,,,,,,,,,,,,,,,,
,,,,,,,,,,,,,,,,,,,
,,,,,,,,,,,,,,,,,,,
,,,,,,,,,,,,,,,,,,,
,,,,,,,,,,,,,,,,,,,
,,,,,,,,,,,,,,,,,,,
,,,,,,,,,,,,,,,,,,,
,,,,,,,,,,,,,,,,,,,
,,,,,,,,,,,,,,,,,,,
,,,,,,,,,,,,,,,,,,,
,,,,,,,,,,,,,,,,,,,
,,,,,,,,,,,,,,,,,,,
,,,,,,,,,,,,,,,,,,,
,,,,,,,,,,,,,,,,,,,
,,,,,,,,,,,,,,,,,,,
,,,,,,,,,,,,,,,,,,,
,,,,,,,,,,,,,,,,,,,
,,,,,,,,,,,,,,,,,,,
,,,,,,,,,,,,,,,,,,,
,,,,,,,,,,,,,,,,,,,
,,,,,,,,,,,,,,,,,,,
,,,,,,,,,,,,,,,,,,,
,,,,,,,,,,,,,,,,,,,
,,,,,,,,,,,,,,,,,,,
,,,,,,,,,,,,,,,,,,,
,,,,,,,,,,,,,,,,,,,
,,,,,,,,,,,,,,,,,,,
,,,,,,,,,,,,,,,,,,,
,,,,,,,,,,,,,,,,,,,
,,,,,,,,,,,,,,,,,,,
,,,,,,,,,,,,,,,,,,,
,,,,,,,,,,,,,,,,,,,
,,,,,,,,,,,,,,,,,,,
,,,,,,,,,,,,,,,,,,,
,,,,,,,,,,,,,,,,,,,
,,,,,,,,,,,,,,,,,,,
,,,,,,,,,,,,,,,,,,,
,,,,,,,,,,,,,,,,,,,
,,,,,,,,,,,,,,,,,,,
,,,,,,,,,,,,,,,,,,,
,,,,,,,,,,,,,,,,,,,
,,,,,,,,,,,,,,,,,,,
,,,,,,,,,,,,,,,,,,,
,,,,,,,,,,,,,,,,,,,
,,,,,,,,,,,,,,,,,,,
,,,,,,,,,,,,,,,,,,,
,,,,,,,,,,,,,,,,,,,
,,,,,,,,,,,,,,,,,,,
,,,,,,,,,,,,,,,,,,,
,,,,,,,,,,,,,,,,,,,
,,,,,,,,,,,,,,,,,,,
,,,,,,,,,,,,,,,,,,,
,,,,,,,,,,,,,,,,,,,
,,,,,,,,,,,,,,,,,,,
,,,,,,,,,,,,,,,,,,,
,,,,,,,,,,,,,,,,,,,
,,,,,,,,,,,,,,,,,,,
,,,,,,,,,,,,,,,,,,,
,,,,,,,,,,,,,,,,,,,
,,,,,,,,,,,,,,,,,,,
,,,,,,,,,,,,,,,,,,,
,,,,,,,,,,,,,,,,,,,
,,,,,,,,,,,,,,,,,,,
,,,,,,,,,,,,,,,,,,,
,,,,,,,,,,,,,,,,,,,
,,,,,,,,,,,,,,,,,,,
,,,,,,,,,,,,,,,,,,,
,,,,,,,,,,,,,,,,,,,
,,,,,,,,,,,,,,,,,,,
,,,,,,,,,,,,,,,,,,,
,,,,,,,,,,,,,,,,,,,
,,,,,,,,,,,,,,,,,,,
,,,,,,,,,,,,,,,,,,,
,,,,,,,,,,,,,,,,,,,
